rms,f0_o,wordrate_o,freq_o,mwe_o,bottomup_o
-0.1002398331084934,-139.5834387891133,-0.1440869945670476,0.12172635784241076,-0.010385254458575069,-0.16410821685629473
-0.0978439331954134,-138.2422045586859,-0.14354462629613327,0.12723726695570425,-0.010379869644569337,-0.1648404301047782
-0.0709388622105934,-104.69139844104927,-0.1325349509408439,0.16920440046112728,-0.008797809524607384,-0.16165635409701612
-0.044747457587593395,-30.30014316123058,-0.1039061037989707,0.08359436743476545,-0.003952354981265399,-0.140427912931117
-0.03244201818849339,27.89228141710899,-0.08361654027073184,-0.10523608869159817,0.00022443533364188,-0.10459050787790636
-0.0026739879815933926,43.77370292160117,-0.03544483213412247,-0.3761853544708842,-0.000561325265732427,-0.16703504658213197
0.023785209672506608,32.12568885171504,0.012619167152999489,-0.6989527027321576,-0.003609102191092735,-0.009540340766319266
0.0483196799295066,8.387203919003383,0.0031723963391293575,-0.43906015881471117,-0.006542603676160132,0.29737624945196317
0.07966080988250661,-15.435643449236807,-0.01281625370344941,0.3203411894324857,-0.009647944404099398,0.1964685247003386
0.08366068505450662,-16.728889711403383,-0.05962020807724577,0.6893009434655704,-0.009044340610936634,0.17729578376817812
0.062364299899506606,-9.172062950258663,-0.06235924218761274,0.5597027787378202,-0.005879295453889832,0.16406161339551328
0.025156606072506596,-3.0222424171075204,0.016801577371806098,0.13857467912141086,0.021048402465608546,0.02586829331733531
0.00531368425950661,-5.548629440882962,0.02304125236027138,-0.33526175685291504,0.03583947695488899,-0.059829177063506656
0.01934325642550662,-17.192880071804325,-0.037489922462511205,-0.5409699330390394,0.021712359997352482,-0.008026899114215169
0.03422408215150659,-8.919411689349374,-0.08141072432836394,-0.5307679584957792,0.006265655443921485,0.07238816515373259
0.041558543526506606,8.912327431465457,-0.0650733347980561,-0.037002836211526446,-0.0026216800291140817,-0.013434810706336009
0.02883247601750659,20.996812582017128,-0.019196854465279856,0.40608200671200745,-0.006491608343940596,0.0029820567437008894
0.0014088732535065956,23.10431960517795,-0.020025013738001807,0.5742903482215267,-0.0065685130277095,0.17401117605193828
-0.0020594883468933872,10.765427163908726,-0.03128808418981027,0.4761616352436957,-0.006970223874898183,0.10459501833730522
0.0007043800055065996,5.140314973889531,0.02031652168733339,0.27425888334293047,-0.007558709591686599,-0.08028130429798752
0.007035284221506594,4.46157935622648,0.09180105157316854,0.08634876868253905,-0.00825518447682453,-0.12344893517186506
0.034118574414506594,-6.57006334594044,0.09188301487327288,-0.01652197033058478,-0.006932881171636287,-0.06948862988293136
0.035759709617506616,-15.596941607203007,0.056286447794231975,-0.20039405221041662,0.0213933045565974,0.03632277343439516
0.025739630178506598,-17.74237890840655,0.05753418811277844,-0.2338033191814386,0.03257919658941497,-0.05071693884399875
0.02044544910350661,-13.931269710813723,0.07364422461872772,-0.0820963504713994,0.017964825770133107,-0.13686814748991072
0.019578050744506595,-11.625371747948094,0.05208165808643539,0.380262381514497,0.002816126287124845,-0.21389170657455647
0.0038030408935066096,-8.312398032693523,0.0886050363167532,0.46885951740453624,0.005627386932455318,-0.30171726193025605
-0.021695606023993397,-11.300913455318977,0.04460149305879224,0.24840586417465627,0.03101682790869587,-0.0679624206829309
-0.0350500503838934,-6.404424107717688,-0.01879656666899232,0.2650898117204785,0.02943093289170481,-0.040889195262971856
-0.026181930054393385,1.4501834029819918,-0.046637014513937314,0.25680715766456164,0.01323954242365102,-0.17324157389203854
-0.004057693319093406,-7.795641469902591,-0.001234369341401531,0.20069999317078002,-0.0015735282610603368,-0.2798037660834948
0.01660072079150661,-17.25553548369828,0.06394039191789669,0.1521274351604749,-0.010450134455013296,-0.1690866611359867
0.0339970420965066,-22.426455027543852,0.10692302726337422,0.26031443238061946,-0.014600087853467527,-0.021706189807018772
0.041480027567506614,-25.866983287848427,0.13414653644758234,0.2604551744376149,-0.01545924824246344,-0.11672409095912717
0.023158809876506606,-26.140143986813683,0.12616020943980077,-0.11537412252903056,0.007473540699249402,0.02659318998493121
0.006399595718506609,-22.16124255129526,0.038040156839132755,-0.15071878381271642,0.03220951814378172,0.3493509155872756
-0.0093530338572934,-7.1025039068680655,0.025606463427015724,-0.05739260833556825,0.025158669374068913,0.35450829735395906
-0.012856692390993393,-0.37266090917916017,0.02900544222311846,-0.12024397242761964,0.009195110464864929,0.1269706249706648
-0.006901049497893386,3.2358178994972207,0.04243794612243185,-0.16596686586321807,-0.0018596790912646442,-0.008092766767241688
-0.013068886245593395,5.860405143948526,-0.0008233967068410619,-0.0527391916285862,-0.005864689654063022,0.10205855186967772
-0.016913686459993388,11.82823607497724,-0.06176009004666905,0.08043323387597034,-0.005913223860954582,0.20059483060523342
-0.0172680525144934,14.285295402155555,-0.03921781706724026,-0.0385498009132923,-0.006015980596606458,0.09483620759037215
-0.012986704764293408,8.501676290170309,0.04729877250445469,-0.11758523121035713,-0.007410089484169497,-0.1176307871737603
-0.012243201266493392,12.666165264748031,0.10521964468050804,0.07246237480277795,-0.007153474901734598,-0.13620594705412747
-0.016633219277893393,22.456284744734432,0.05108008851451801,0.2206320004348501,-0.00432872555877462,0.15439012997054502
-0.014375947029493408,27.451576219025952,0.0070527529035595005,0.1700439941359022,-0.0027011896769452448,0.17480844821241703
-0.017757057936293397,32.042928410759004,-0.015172846325264888,0.15145343387777865,-0.0015042320437364499,0.2065440845306874
-0.016160539531093393,23.55375229802226,-0.03425948111627947,0.37809232051959185,-0.0018466585492823095,0.1289297476953558
0.0007685272495066148,9.102870974057168,-0.05257631044587702,0.4106003229894446,-0.003435712810903265,0.03518841613960222
0.016503474447506605,-1.3112472197327918,-0.04763080424908456,0.2683520896621592,-0.005080305547821389,-0.015749256476755513
0.011683968853506602,-9.429578744084097,-0.013877029237156946,0.28445101484457425,-0.006224095612658126,0.031930899663140444
0.002728064534506608,-3.2834448609481797,0.015925510723889758,0.42460834060830743,-0.005872142563177751,0.04403204415131268
0.0025017408655065992,8.285513716388436,-0.005223839705824962,0.3431936335565715,-0.004451872016424038,0.15934406654211442
-0.0008835193377933898,8.087869372958124,-0.03270850754079763,0.40368101983185944,-0.0038054804234830437,0.20881340677764038
-0.006400671557793405,7.036335218080296,-0.06299966509110688,0.28378547488569295,-0.003090236986371852,0.1220714891487582
-0.0012701925635933975,4.786650104799946,-0.00879382971061421,0.0574164073139003,-0.004530092863225895,-0.10036433476803919
-0.0044130057931933975,6.073065087244117,-0.000587769673837113,-0.010382110548334822,-0.004439964464142585,0.010473321674791869
-0.0225823826327934,17.484126771916408,-0.053470562991071335,-0.16067543687571773,-0.0016727907664800881,0.23896697138134304
-0.022065675857993405,26.611587755116005,-0.11921557188635773,-0.19288043419146916,0.0003469506762164426,0.223830868853078
0.002818463028506607,14.127841276857907,-0.10791100542286836,-0.18667007603829688,-0.0020112689546899105,0.14216745517064866
0.009585800265506608,-0.5261212141420231,-0.03144736840578555,-0.32569944473252255,-0.005025072771551458,0.15075010272218914
0.014565745197506613,-1.4151633267837553,0.044944948662643536,-0.19102252395244923,-0.00675969904464869,0.13407193393197891
0.016275228621506613,-5.715504736566686,0.1295973418261972,-0.2163949174042905,-0.00881007422588978,-0.038154833253235765
0.0017692878965066133,-5.411711840429973,0.13739902555464467,-0.4627843445632136,-0.008316805908802846,0.02188407204302889
3.5997195066000964e-06,-4.193853555634206,0.08421393151674916,-0.5362427982176428,-0.007128903644876821,0.019154132087400688
0.010759848643506612,-9.220770802450176,0.01810981698972619,-0.4472295079098787,-0.006772205959767207,0.07229538127172885
0.007538484191506614,-5.067851083461051,0.013541646191271572,-0.29964722052851567,-0.00618660525397806,0.1269156840862551
-0.001674445733093402,8.469284378880758,0.05321457367956406,-0.1578096577787056,-0.0053645728363763264,0.049266369768175444
-0.021734353501993403,31.60483752616699,0.036863206988398456,-0.14363780154859862,0.009531726841573988,-0.06307963421826268
-0.03967334804719339,48.83130603224376,0.04232956877912486,-0.08278194663341187,0.03963101272928901,-0.11506194942415693
-0.03371971019529339,46.665143713905564,0.009881474183513705,0.17531764218168178,0.037231039889928375,-0.056834401450181815
-0.02100047794089338,27.189895149521874,0.025508160784185108,0.2812253608823787,0.017239914336733345,-0.015065131786822228
-0.021817669723193392,5.885306993325685,0.05899339217401617,0.2687496351955967,0.001551722465102069,-0.0011919849847035202
-0.0414804249480934,7.525899964437599,0.056293003635806915,0.07562788421036393,-0.004324397010027535,0.12242547364800638
-0.06001175500869339,24.087236776010343,0.05457608801358327,-0.24761528417700074,-0.004871448078246587,0.17233347598551085
-0.05537634934809339,32.882635640452094,0.030507140222947315,-0.37947393651009476,-0.004253063628699923,0.11107107379288927
-0.038582605586793405,30.071440346723506,-0.032408405398799134,-0.1759787181432757,-0.0032490056672331833,-0.006313578803789466
-0.03316155429799339,36.78424547401238,-0.08545164989541226,-0.030297483190091068,-0.0008390513424222264,-0.13414143965651615
-0.0217949491669934,32.153601717182454,-0.05281663480455623,0.1326823028429831,-0.0014901697135444039,-0.19328916564354248
-0.023522317679693386,16.572602363379332,-0.02601758543224214,0.16767570254298025,-0.0027459553759205816,0.019435073174836948
-0.024510431760693396,5.338125353679118,-0.041439909242586725,0.14160321351558602,-0.003105609300487731,0.13761257223445178
-0.005983045514293392,-6.480433558169352,-0.05652101404186921,0.16735517982026638,-0.004502080265994052,0.05109562834538062
0.01162136527750661,-12.570808839306125,-0.07345465228766263,0.346354627758497,-0.0054020303626925335,-0.046209348410385265
0.0046610498555065966,1.1377098492410767,-0.08114445628738859,0.3045454408753048,-0.0037304420819014514,-0.06102512950743966
-0.0165643091522934,11.524228421567102,-0.0303910933939881,-0.03506907728345299,-0.002885062768821136,-0.10269069972663758
-0.03346455266459339,11.97280763939142,0.03443673210189291,-0.23962997743128822,-0.0033572005640320757,-0.13038184298029531
-0.040369277388993395,5.82367179694873,0.05682187043880982,-0.18522022221704137,-0.003936370327413489,-0.07801582351938485
-0.03582699920949339,-4.735214295289552,0.07283979708524169,-0.21015460153667131,0.012610921034188793,-0.05754482335744293
-0.025399872976993393,-5.5403460064650005,0.08100860451338576,-0.2534146388195113,0.03566973375714714,0.013093795922184404
-0.014003392456093403,-1.7606885455604413,0.011291228690322508,-0.059279946415879525,0.02890883839514279,0.07329225056091992
0.007710135296506618,-2.1292683978294065,-0.08866796993693166,-0.11353774764838453,0.012415636614306474,-0.0004488710160329701
0.006149103137506606,12.1846500808889,-0.16042696521893635,-0.2784651809923402,0.0032528481539220774,-0.11311581497597134
0.0018991105775066075,31.479396606056127,-0.16735689714876406,-0.2115287066422613,-0.0006608082399554972,-0.20580449428319192
-0.0031557830790934077,33.55481176855261,-0.09702347781603365,-0.11847793576279964,-0.0038139082934623325,-0.2604505340972303
-0.0005004368851933838,19.42604726188995,-0.047405004848233234,0.15692279284945299,-0.00618386862277607,-0.028125857827354328
-0.01455422214409341,-4.141790547476148,-0.051838251067004626,0.4496346370765272,-0.0066778008977465796,0.2393681084130609
-0.005279240999693388,-16.276910307541527,-0.10143924092653422,0.5685825983350146,-0.006157270291479227,0.12323969770735566
0.0024259033105065997,-9.39603174744039,-0.12487498837046523,0.36561732823340964,-0.004647797839043165,0.01461809658086266
-0.0034723334192933997,1.942853981243843,-0.0950067790371314,0.19375620294385243,0.008224683628540385,0.15805938427191235
0.00593033863250661,-3.2004410581144214,-0.010391144232833771,0.13655764634867795,0.03396363733797789,0.12369630652865071
0.011276874075506607,-10.534342357361652,0.03537993672583911,-0.055585041565708426,0.029771911201352357,-0.02025300553813092
-0.0031648973386933926,-12.43104558634704,0.08709998530479096,-0.33471104207292557,0.011830684726969565,-0.028971582739609536
-0.0103499130669934,-16.965648560511,0.166233814271862,-0.30779374862524644,-0.0029596174515447602,-0.040138326999761276
-0.008819676827493392,-23.994249879412706,0.21979722055364587,-0.15064233569522134,-0.011555526468281686,-0.04321480694325941
-0.014139991231993387,-25.850859128673733,0.2157318682433882,-0.005326724525265725,-0.01422617183062708,-0.024307438243835966
-0.026051845953893385,-14.415827449031354,0.13771467869819143,0.04607812012524004,-0.011655180145194826,-0.11435528888157087
-0.02557247896109341,-2.8093250405914603,0.03415619783119961,0.16126361281772716,-0.007931635210059643,-0.15083714673265258
-0.020217188737093397,6.827019947184851,-0.008051228416398382,0.23636929435153808,-0.00546869079220676,-0.19389645114299037
-0.0320140965939934,23.808602372488195,-0.035344531074158525,0.19724840106935337,-0.0021168459182356308,-0.10322502174101589
-0.039999657170993394,24.216496264479616,-0.028099085979222005,0.24514646987789712,-0.00134107740215902,-0.027408814773843604
-0.03485666038449339,18.367843346161322,-0.04620973109778098,0.3365667228109501,-0.0014391787495957567,-0.08216311493692618
-0.019665061679593393,15.284157410611527,-0.019934984530439404,0.1596599705864259,-0.0027143597461768494,-0.16925800105535826
-0.007324615238993401,6.103121771152928,0.010739774199581942,-0.193889496926841,-0.0045624550698776965,0.021238166456254648
-0.0077359461052933925,3.8302774335447793,-0.0037869473299953493,-0.24813727784499795,-0.0044345263812773875,0.10867027632907922
-0.005559227715393383,2.7570856633572873,0.025116030395201216,-0.14082227098702038,-0.005167561092959714,0.13880582262256436
-0.017700989746393392,0.6329155875481263,0.016644036084531688,-0.12389763689248712,-0.004678420676193331,0.08463199451351522
-0.00863578271089338,0.24334531128064896,0.05019296518409089,-0.18602646673990586,-0.005731468598873685,-0.04939167416022827
-0.004111980162093409,2.881346391041177,0.12266256746629323,-0.2968174058095494,-0.007064495873114116,-0.06338894086531877
-0.014060394150393396,11.426770218580543,0.08588858870766536,-0.4124386768448338,-0.005200722388159253,0.03287750934207967
-0.0069074715488933874,9.99891211320059,0.04301670092015075,-0.21349892995837916,-0.004816857143599376,-0.037388791717688497
0.009977371595506601,5.636861813795406,0.002905229876191018,0.06803991103100548,-0.005153701969082193,-0.11168209757107583
0.01898908610350661,3.263872248001576,-0.03232579942023489,0.08992069207571296,-0.005075744643003538,-0.013881166245157783
0.03088729580850659,-2.3528299179379246,-0.016366908550388026,0.21264473470671152,-0.006372317807832801,-0.0408568961977136
0.017114371811506615,-8.319963666534392,-0.04075708114549215,0.2657011376743066,-0.005848381926399299,0.05978328617003781
0.017490895799506592,-13.231491033694738,-0.04796307425491342,0.034137997694042355,-0.006156860036082392,-0.05888201191159215
0.010523259015506617,-7.361499830621369,-0.03614204829755352,-0.43615433815143634,-0.0055728614530849985,-0.17725825126976036
-0.0011259979867934006,-4.856626773447374,0.004492247140357619,-0.6327656745667447,-0.005629864599745987,-0.11714935113642999
-0.00023489204549340115,-2.6025363576441976,-0.0061120408256070125,-0.3876543278975233,-0.005270022311305387,0.0667963012855397
0.0012192079205066014,7.36099905809138,-0.022056452260784842,0.12773430269592367,-0.004159659138174017,0.1247121624513603
0.0033842826375066054,0.7125442597200617,0.0398887700572238,0.3195115547669731,-0.006004566658611847,0.19000062798531014
8.49000605065986e-05,-1.5293195238639328,0.05350686879245192,0.13738191262690602,-0.006318384815393261,0.2190101338911088
-0.012996814773393386,20.56102065991101,-0.02240806184766747,-0.16702533337827985,-0.0023980791261791513,0.09322191310378192
-0.002177811320893383,23.714634389741178,-0.03979685438175712,-0.47831337952752406,-0.0022517625280344053,-0.15551595772912363
-0.003133880840093403,17.884551417703307,-0.03869878637352625,-0.35834999780419796,-0.0027412063534563,-0.31862007400401293
-0.003837460255393388,15.6887875926881,-0.028136791619455204,-0.16508627835286704,-0.003103097201364032,-0.40931357946248437
-0.003144810566293399,12.141703878896209,-0.002568326972842816,-0.22471950377243788,-0.003926202633677708,-0.3938076395797915
-0.008710792927193386,13.58800221395353,0.00029291112783758066,-0.14504148881172974,-0.0036183011479238667,-0.21167182232384985
5.037688050660294e-05,11.50593846221264,-0.017339197363665848,0.12719817994172988,-0.0038374595787259765,-0.0922795339803345
0.020199816365506607,-1.8718340132011235,0.01495257792040705,0.28665011643966753,-0.006470485117541584,-0.004512156427908254
0.0260352873305066,-16.532389625000718,0.06668925690733885,0.1230725476594916,-0.00897733056810789,0.45466072235124066
0.015258523205506608,-22.541669746831076,0.10556114086480373,0.12569008622903066,-0.009781487449280375,0.5988672601323226
-0.006713318000893392,-21.932650275118704,0.12758582321451917,0.03814222348563412,-0.009214566494459078,0.3847969816799357
-0.014074929689993396,-13.983680814295923,0.040153260759044684,-0.003080455847783714,-0.006464395128442344,0.2406275556630182
-0.013828086693693384,-4.412931759327023,0.004753453296415022,-0.09211324815905808,0.012996100610052443,0.14781878432432038
-0.02165141678149339,6.816762287834337,0.01644808784195767,-0.08451906494127925,0.03781222077368743,0.059677026990635706
-0.020109655652193387,12.198193092982223,-0.01463966851461318,0.17706471050867023,0.03087738976396716,0.0065797582433752
-0.02118766935669339,8.15407615895694,-0.029983183042001815,0.15844679035289433,0.013426845587559416,0.011686886104601113
-0.0320073059015934,15.978564736895777,-0.055543904756429896,-0.05347993364302939,0.003214980767416645,-0.026581106922944908
-0.019414842354593412,28.402731956930666,-0.09571514393063829,-0.23917886910641872,0.0013566808196112765,-0.11032397540402072
0.013402496792506602,14.846693437680045,-0.08071988117588458,-0.37744202441346175,0.02439103310539619,-0.12250488600855358
0.03547254829950659,2.887795507724377,0.011474750453236648,-0.19653485861627784,0.031354886041715324,-0.023744892883035496
0.031054958163506605,7.839325360913477,0.052736625852233154,-0.03768795067594333,0.017123207160940304,0.018663893697045797
-0.0009015548137934065,11.966414721704979,0.05500612999571414,-0.06817773468100308,0.012897047299163166,-0.05549879604708874
-0.02943323527499339,4.683528937590268,0.014222847784889359,0.05055995199832264,0.03494202931660594,-0.03992856424531921
-0.023540629442393393,-3.2008819593837643,-4.966769168279761e-06,0.1966581141810404,0.03106032903023227,-0.06247439303179547
-0.007290795317393378,-4.159504499055686,0.0652053039382996,-0.05798061883790906,0.010910545817606976,-0.05852228309679264
0.013978557392506613,-1.8859873994251757,0.03482140871242023,-0.35413876229874575,-0.002592885556352082,0.012166387216239638
0.024970322604506615,-5.376016104315227,0.004773303888640945,-0.5752789579310718,-0.009165214496105994,0.0705144017144661
0.020190017661506604,-7.942297943197929,0.039424743336248236,-0.5002859629673737,-0.01198527995711799,0.09143842185204876
0.003984625070506606,-11.559166334238768,0.10918545032737881,-0.28756158577025515,-0.012861813721996684,-0.01415301360370802
-0.011632532829293399,-11.416838806421936,0.11843878861900087,-0.011336046534751176,-0.011287920471111898,0.010987032945785291
-0.024223349895593396,-12.314475562290795,0.04075827610181898,0.26772245002037476,-0.008127458153642835,0.07839912885107791
-0.02530435755519339,-3.5895233667955893,-0.006384895794997791,0.3783668917629517,-0.005463894763424777,-0.09092567500440474
-0.008630343730093401,1.6826492213107542,-0.008834780543914511,0.21102186274245538,-0.005061552841417833,-0.19858859968821563
0.008174484559506603,4.330718489689417,-0.0026940622093238886,0.011622010434245045,-0.005331799950034316,-0.1859735982932561
0.0033640083195066034,11.590065911510976,0.03011510668536921,-0.18352416680575168,-0.0049688357315441425,-0.20523100071846812
-0.008042233386893388,3.8113265265850202,0.05634819634893873,-0.19882772867931564,-0.0055991793503603424,-0.06010984088012994
0.027202173481506622,-20.307386501530686,-0.02846345669897532,-0.277599130522975,-0.0075552608281390776,0.0003824245311402352
0.052706628772506606,-36.58925327462251,-0.07336038943791895,-0.20000487738068662,-0.009207598313851623,-0.02126382114715042
0.031951779974506614,-21.864655739200998,-0.030118126214851326,-0.026617928972584082,-0.007861114480116222,0.08033593327303012
0.0029044384055066097,11.278159821902278,0.0399870460193118,0.017072857641879935,-0.0050633845197828875,0.03725144513664991
0.005345115163506595,25.934243907067355,0.07132072736794992,0.13767534680388938,-0.004479939408156795,-0.09196456357397897
0.006753781256506608,16.228135893197077,0.07611075907511533,0.2891448913415644,-0.005477932535571979,-0.11959118103466149
-0.00862721010719339,11.018827401571968,0.09335248653974182,0.2518496504181771,-0.005607764696069417,0.03849715504286233
-0.0254790513159934,5.982133520015623,0.14297800032169083,0.2639395892187242,-0.006273224403236912,0.11022169054251241
-0.0346474725558934,5.598033638951165,0.10287606391958648,0.3109682068513062,-0.005159327218283024,0.047032236687706286
-0.015044590390293405,3.7918799884825773,0.10302389280260216,0.3675175691289203,-0.006150166079641998,-0.13717312741543441
0.014406563352506604,-3.5599375344327484,0.13896057556300234,0.3894801522410756,-0.00871991353854426,-0.18932804667420688
0.034404295825506595,-8.790156291432709,0.09741336304636727,0.0687059991241652,-0.009237250250786274,-0.13540608968362466
0.05091044044450661,-14.972498370217295,0.02441629150220581,-0.14036413586702023,-0.009094523748820681,-0.129713867201672
0.0508752683735066,-11.228489134861121,-0.04216640038970737,-0.12051255857548826,-0.007505698485584087,-0.17791125739894076
0.019033259239506606,1.8769376372418662,-0.05877292465928413,-0.3683890770185627,-0.004698114337908227,-0.15393695986113998
-0.006109035471193389,11.872777975290461,-0.01703924685476743,-0.5209231251109134,-0.0035502107159522452,-0.11663785941012317
-0.017864879097293396,21.977593658268574,0.05555463164549723,-0.4257888819120619,-0.0035439520767425754,-0.050966175983329975
-0.012152050609293405,18.132678682287207,0.03943438486063444,-0.06587790250129855,-0.0038165661647668672,0.002483753879384265
-0.00514051784369339,5.928918736105146,0.02113756266451622,0.19681052633174545,-0.004832983488590126,0.12261152608609116
0.006248763453506598,-0.4493120260650869,0.02965965893423017,0.16249347838515638,-0.006033733029656865,0.16658754504116668
0.0187981098575066,-2.6789431072510865,0.01187106062121468,-0.07929148064714253,-0.006423269681077929,0.14045590295533095
0.021174700284506603,2.83808727281712,-0.006182320624336879,-0.20167878910125348,-0.005700381358437567,0.020821073871753804
0.017049919475506617,4.495254488381448,-0.012123402445034848,-0.3576644889016847,-0.005268486514022895,-0.13308014478687524
0.0035284704105066067,9.274390487923085,-0.04954492221983153,-0.391020307829578,-0.003570033090275886,-0.16417406029783244
-0.0013541074052934032,12.21232115351728,-0.06772512352614624,-0.3295571364250609,-0.002762511098503227,-0.188004915592053
0.005922948897506608,8.780303450832719,-0.04727940769291822,-0.4089750357156552,-0.003757488573464524,-0.15045618554805495
0.03066006038850662,-0.3344151386769454,0.01618974158108155,-0.27221941811139727,-0.006802694718019664,-0.2117494580934386
0.03604207174950659,-5.037528021461441,0.0955267906813142,-0.23243576938514288,-0.008943183752009566,-0.18077230734677308
0.024950927776506607,-1.9226745166447472,0.1290172015085278,-0.09248031502475396,-0.008835326919242404,0.018708258294608315
0.002402284772506605,-0.9670220768277034,0.08898933221626648,0.12059857861080214,-0.006949967987481939,0.13114628028078568
0.0011192511865066035,-9.2813133390043,0.027650577040051583,0.36959537503302675,0.011504394331127031,0.0835160900950862
0.0225881713655066,-11.70294433499518,-0.00830587454736309,0.4658727271527141,0.03478960514099884,0.002188394727539178
0.0294000548005066,-14.794458666866007,-0.030662915091823784,0.46785075937153886,0.02672632448603029,-0.08569335843202519
0.034046468235506624,-19.56288431505334,-0.08676616063998382,0.5664666440974959,0.00974161217407055,-0.12304741868562885
0.04351287740550662,-26.18908012095298,-0.10276983945752521,0.4529295972235641,-0.0027724116834459116,-0.1295011108984626
0.027481575844506625,-23.617043467782196,-0.05983854073750905,0.04169880283022964,-0.008591323647747383,-0.06002153938598631
0.008135810085506595,-14.49755649004581,-0.06961623220056873,-0.031982291425974196,-0.009007494985352114,0.22263214651376495
0.004814329182506599,-3.166543250890925,-0.04491758167284898,0.05087675938338343,-0.008429127223046399,0.25560753199423614
0.0179167927625066,9.462457285800753,-0.06048689674462698,-0.15533420827258126,-0.006701351414020399,0.09232751368363756
0.028812694595506602,19.766235061482263,-0.0831599726703624,-0.34195101128095606,-0.004799565925766858,-0.00044090268710683667
0.029323536199506603,12.56935973420579,-0.003314611079253349,-0.09167222108715478,-0.006170408281316372,0.004212829298649856
0.0059870350855066035,1.259507523327244,0.09501996186131156,0.21515446356377677,-0.007549928493242767,0.1505315812036252
-0.015935536818693405,21.790620659894643,0.08098953601502729,0.19548869694122661,-0.004313158807616981,0.13227495736861528
-0.01306346292409341,38.613370438912995,0.07479954289300705,0.20454938201280282,-0.00273399458808967,-0.15877615074978735
0.012562633568506607,31.74869247899477,0.03454728354021808,0.276581378423967,-0.003609472012653908,-0.15272011881220782
0.01686358049550661,17.912532902238638,-0.025013311703479812,0.30105284453472336,-0.0038448371678382123,0.13738566532991214
0.006687058216506614,15.029593823536743,-0.06500181184341841,0.3634768285313603,-0.0029086168567465584,0.3313718196840463
0.00930875785550661,16.37438877119513,-0.06669155860004672,0.2723758329568513,-0.002870232762115862,0.15562901546186392
0.01754152838250661,7.142382297123305,-0.0378762505510678,0.3387967883594767,-0.004570646720414554,0.012304219309025255
-0.00037184076189338,-10.08133580815553,0.009278682552666895,0.40210605475657735,-0.006208696841192412,0.011209204533958683
-0.02475757249849339,-15.45725897079214,0.03995470034923371,0.1952462855943451,-0.0062259740490651656,-0.005499797114032923
-0.024693376478893386,-15.343735650419404,0.00436955738890471,-0.10392370561461073,-0.005545177419704079,0.012238791159985496
0.0029379294175066045,-21.842221154029744,-0.018102356092654093,-0.1486878305645778,-0.006857686288857596,0.016156157647037372
0.021898400401506604,-19.747128584017645,-0.02647287030743506,-0.1362813115465804,-0.007319364556881466,0.009270792361430025
0.01970838908550661,-3.0802757433028773,0.0018922614683973271,-0.2412158948799239,-0.006307983388181613,-0.03326801555133807
0.007541976961506616,15.282895771870756,0.020064132143220836,-0.09454863307555428,-0.004532944572317543,-0.06210798353071878
-0.00611825740149341,19.749407975720715,0.03699674522039498,0.02365262673169255,-0.0038847999837566035,0.031881869055311984
-0.03215838309759339,26.531009968483147,0.05980929923636602,0.05744787655459893,-0.002621410506429535,0.12091592553867514
-0.0461679248917934,18.9318837661626,0.10807312871473407,-0.1428854592713491,-0.0036052664868120327,-0.0032217106940024554
-0.0305089227883934,3.7843401563343377,0.11866550983819707,-0.5275254039701491,-0.005791897583345992,-0.09718272661417071
-0.024681882375093403,0.7292544823047535,0.04696308723860276,-0.5600004054916736,-0.004948240630836579,0.07866457269034743
-0.021055624078393384,8.888727082520575,-0.04649352378714333,-0.1936024131902494,-0.0026201837958956895,0.19215823295492207
-0.0027368681069933898,11.317095916194035,-0.10211434156791355,-0.034379316643990965,-0.00213116095637814,0.11571608418772605
0.004651729432506607,10.371543447753282,-0.12104922286284153,-0.04803747080693066,-0.002168267776594724,0.02950528602550062
0.0058960188095066035,-1.865066650883847,-0.10831891354675521,0.016408515755808484,-0.0035305965453921173,-0.03995873863668731
0.007953170202506604,-14.402575215807502,-0.02491146486323159,-0.06806299680073202,-0.006291501323281795,-0.10372327820803195
0.005707251829506599,-14.154386364178237,0.07408828872249518,-0.2892472067869516,-0.008048692760575352,-0.21813756293673714
0.014494660215506605,0.3467159628847014,0.009509737490219772,-0.06714186436681757,-0.005932056031996225,-0.2913083341051921
0.008573424191506612,10.599833694955407,-0.042062767264274326,0.04004292683146504,-0.0038095966577020943,-0.11803827074624662
0.0010395951465066028,10.609649966438411,-0.07906947372988415,0.116759890900894,-0.002789123683780278,0.13997347818543604
-0.0005928281972934074,7.79595885474572,-0.0969272955373246,0.14841799029650993,-0.0026276701221795637,0.15689896059179265
-0.004912406378693376,15.242506528666695,-0.13727166241399752,-0.02989684007438198,-0.0010306955259493586,0.1091471805939247
-0.003340878322893384,13.391651156118257,-0.08310339678724932,-0.22652823070608408,-0.002284265630769432,0.029304746786431357
0.0007781144605066015,11.767750502180633,-0.025140130043841413,-0.28993716015005466,-0.0036977531101676214,0.07397338888591043
0.00397500671450661,1.2521554110448108,-0.00437814220833993,-0.16211457672922958,-0.004381351944011413,0.0922312433307817
0.005969891172506597,-14.737743197477016,0.058572730552192476,-0.06109980509273605,0.01686416037163181,0.05275734094877316
0.015925870951506604,-28.97718207962194,0.09882497981336857,-0.014421625405518945,0.03368371374321433,-0.11421467103259819
0.021891697650506595,-36.56621861519585,0.04997568733754043,-0.40059264418224405,0.04794169012900729,-0.14336799132865985
0.009940439983506605,-38.50535577943225,-0.004912223612244304,-0.4107124015674066,0.04677601766841261,0.10562819209625418
-0.0028844520345933933,-22.59604218724462,-0.03140072099466906,-0.12275790549162169,0.025069439271195496,0.2485340111729305
-0.007769177884493397,6.742074906470378,-0.10114569963028724,0.10650066155560856,0.007776727156660928,0.2074764526354319
0.003234292200506597,21.008200503498188,-0.07969110955056363,0.014326035376311719,-0.0033579026179213116,0.021062952567132975
0.014635347684506597,20.591932448677255,-0.0016843059423006235,0.08720608588188572,-0.00975606212334463,-0.08873502327367921
0.0077486307565066,16.109139362909048,0.06197681451186854,0.44707479643690906,-0.011532049588586337,-0.01950823049832162
-0.0013328187388933904,3.37235789401268,0.10973847245498625,0.640132045241181,-0.011844093041098236,-0.02988621420606452
-0.014913732213593392,-14.667906219373094,0.13153692440761877,0.5717388676303781,-0.011533331367532955,-0.0018055116324187104
-0.018461681811793404,-10.281002006770649,0.0607750888625439,0.5296262153342375,-0.008249592063137738,0.05102933902691098
-0.011177239033593397,-1.620700584730173,-0.04248197090914452,0.5780671821985877,-0.004936843281079881,-0.008617339813681735
0.0106584865395066,-3.377657975369317,-0.10475892541983056,0.3251400484405731,-0.00433855806425381,0.02971416168631058
0.012060230732506602,-9.58832297531032,-0.13343355555117414,-0.027419206743800384,-0.004158221580293584,0.12447599643000895
0.00614529407050661,-14.032210947237331,-0.1242912034023147,-0.013209046171040573,-0.004357546030726553,0.00546863895048566
0.005544779242506598,-13.357118307750255,-0.08344754798546772,0.15416504384500263,-0.00501041457803932,-0.14074634229417948
0.005174527423506617,-14.621769040715094,-0.03741680108695111,0.09320242601550266,-0.005956233868697203,-0.0663796380541849
0.0012347338695065935,-7.137192608788666,-0.058036096769094436,-0.07971051802603535,-0.004745406001670416,-0.01666558959413189
0.02525868096050661,-4.499755848424712,-0.10978493249860477,-0.06798188624998103,-0.004553069383093191,-0.09497404861373604
0.05015032576150662,-4.9715686707665725,-0.11406526731489058,-0.04072730954387005,-0.005567567722691966,-0.1515562446137304
0.035071395419506615,4.5136655728033475,-0.10689323400195444,-0.21108886055691123,-0.004236275766677778,-0.07828068635806351
0.002375872142506605,15.301956246475413,-0.06558011200341796,-0.3508930769578944,-0.0026912782198207346,-0.06372122498470512
0.0018646701595066012,14.444292218134734,-0.03086987501441113,-0.05205798969266873,-0.003401567402391373,-0.12731910732259144
0.014482443175506607,3.480357811234853,0.06898267441653883,0.2698549129144423,-0.006783651338417754,-0.17186854159712905
0.0225494759595066,-6.083545744092589,0.1289920939244344,0.28578714735894284,-0.008333343981027487,-0.12620100750317587
0.029755083484506603,-15.473879308665488,0.1055198543276955,0.26100844996510286,0.014903743896338556,-0.09935382924224445
0.047175386853506626,-25.434919400746708,0.03762837540796726,0.004929760459456922,0.032276654635580854,-0.10925775941616811
0.05376204139450662,-21.98314778129594,-0.006556699501640062,-0.20794691676398358,0.021071163091132175,-0.03429213356836569
0.03932142346450661,-7.510266320314315,-0.02593489126025761,-0.033926689436588386,0.006482704434205299,0.07680695298513762
0.009311039253506598,4.13410487121007,-0.04603298533382949,-0.16209133404219855,-0.0013276217502585057,0.09500102105227315
-0.0014879429588933873,2.6909940035927775,-0.06513971588112283,-0.4605226109766827,-0.005646227598841419,0.008255486943263612
-0.010987429404093405,-1.2412795245297445,-0.10392398342375148,-0.6115540640298291,-0.006536750943667459,-0.08241443479342103
-0.019018776824193395,-17.765750392097004,-0.11922012104854424,-0.4454770224636335,-0.007156519496409041,-0.04119627178368834
-0.003348437531093401,-30.82899782078252,-0.10906822202798583,-0.4114761772653903,-0.008186201858523583,-0.04509295137685454
0.010556120992506607,-23.676834276206392,-0.08178600947989256,-0.4753616014069024,-0.007663003780207204,-0.04339054775374718
0.00019078465750660412,-8.210190016105798,-0.024069646276440093,-0.40718007247566046,-0.006238785167783006,-0.02337841048780387
-0.021618690008793393,3.768306300126085,0.033982186514425194,-0.22001649526821643,-0.004941022238731185,0.08224617288929292
-0.0366098712972934,16.71464044254313,0.01691307285859367,0.18138722908341265,-0.002636819979322573,0.11875020099536271
-0.025973184724193396,15.072430321806394,-0.03131195553386834,0.34938765978448094,-0.0022211780656990116,0.10980594227757068
-0.014399553473993396,16.718735673115958,-0.07443834236619501,0.2838534012423799,-0.0017118350610397697,0.08289952913276577
-0.007231430548393383,19.246228052103874,-0.05408659169483471,0.3737910936426361,-0.002157450977088877,0.12471019079577372
0.005475494316506596,9.70655444732725,0.03828226362721587,0.4788819280110337,-0.004514097309278731,0.1390485846155456
0.011989219983506605,-8.939805706888848,0.06801825162732755,0.41519984575908886,0.01693675335053614,0.12696415374571868
0.0009581643115066096,-20.96210105729392,0.0013448898392232622,0.2609978748843398,0.03531168600494087,0.1046430433306359
-0.007813046919893388,-9.843593069795986,-0.08663752523347151,0.19706128523257815,0.026255301801788807,0.10234662016948748
0.01106617447650661,-2.0942168280024305,-0.08189102540666293,0.17057513614054098,0.009211697014347188,-0.036385512158885414
0.019353136892506603,-10.375674314006659,0.04321804628000536,-0.10630719269943878,-0.004709596716602647,-0.19824451039979762
-0.015825504754793385,-46.977805370488,0.07069447831393871,-0.4265696785832054,-0.011947870085759944,0.08510846730415578
-0.0654898273387934,-100.66710501368121,-0.013123731034411501,-0.3597520218281949,-0.014630088117203208,0.15754432417128006
